<?xml version="1.0" encoding="UTF-8"?>
<project-private xmlns="http://www.netbeans.org/ns/project-private/1">
    <editor-bookmarks xmlns="http://www.netbeans.org/ns/editor-bookmarks/2" lastBookmarkId="0"/>
    <open-files xmlns="http://www.netbeans.org/ns/projectui-open-files/2">
        <group>
            <file>file:/C:/Users/joaof/Desktop/Faculdade/2º%20Semestre/POO1/Lista%205/Etapa3_JoaoFelipe_IanSeki_LucasJeronimo/src/cadeia/Gerenciadora.java</file>
            <file>file:/C:/Users/joaof/Desktop/Faculdade/2º%20Semestre/POO1/Lista%205/Etapa3_JoaoFelipe_IanSeki_LucasJeronimo/src/cadeia/Pessoa.java</file>
            <file>file:/C:/Users/joaof/Desktop/Faculdade/2º%20Semestre/POO1/Lista%205/Etapa3_JoaoFelipe_IanSeki_LucasJeronimo/src/cadeia/Funcionario.java</file>
            <file>file:/C:/Users/joaof/Desktop/Faculdade/2º%20Semestre/POO1/Lista%205/Etapa3_JoaoFelipe_IanSeki_LucasJeronimo/src/cadeia/Cadeia.java</file>
            <file>file:/C:/Users/joaof/Desktop/Faculdade/2º%20Semestre/POO1/Lista%205/Etapa3_JoaoFelipe_IanSeki_LucasJeronimo/src/cadeia/Prisioneiro.java</file>
        </group>
    </open-files>
</project-private>
